{
    "now": "2026-02-23T09:24:00.555Z",
    "perfNow": 126404.5,
    "diagnosticCorrelation": "dd8884f5-cc6f-4d13-ab8e-e09dea580212",
    "source": "DownloadSupportFiles",
    "environment": {
        "productName": "adf",
        "buildVersion": "1.0.021826.3",
        "environmentType": 3,
        "resourceName": "consoleadf19",
        "resourceRegion": "centralindia",
        "resourceGroup": "cfreshource",
        "subscriptionId": "02421449-c681-407f-a894-33cde9917315",
        "sessionId": "R8GTkIZYupc8/oxl5oEFAg",
        "operationId": "",
        "gitType": "live",
        "loggingKey": "fc930c4c-e530-4e00-a29f-272c744aa3ed"
    },
    "additionalInfo": {
        "selectedResource": "incremental_load_pipeline",
        "selectedResourceType": "pipeline"
    }
}