{
    "now": "2026-02-23T09:23:15.224Z",
    "perfNow": 81073.09999999404,
    "diagnosticCorrelation": "405705b8-c2a7-4a97-9d61-0f0ea7e06199",
    "source": "DownloadSupportFiles",
    "environment": {
        "productName": "adf",
        "buildVersion": "1.0.021826.3",
        "environmentType": 3,
        "resourceName": "consoleadf19",
        "resourceRegion": "centralindia",
        "resourceGroup": "cfreshource",
        "subscriptionId": "02421449-c681-407f-a894-33cde9917315",
        "sessionId": "R8GTkIZYupc8/oxl5oEFAg",
        "operationId": "",
        "gitType": "live",
        "loggingKey": "fc930c4c-e530-4e00-a29f-272c744aa3ed"
    },
    "additionalInfo": {
        "selectedResource": "git_to_sql",
        "selectedResourceType": "pipeline"
    }
}