{
    "name": "sqldb_linked_service",
    "properties": {
        "linkedServiceName": {
            "referenceName": "AzureSqlDatabase1",
            "type": "LinkedServiceReference"
        },
        "annotations": [],
        "type": "AzureSqlTable",
        "schema": [
            {
                "name": "OrderID",
                "type": "int",
                "precision": 10
            },
            {
                "name": "OrderDate",
                "type": "date"
            },
            {
                "name": "CustomerID",
                "type": "int",
                "precision": 10
            },
            {
                "name": "CustomerName",
                "type": "varchar"
            },
            {
                "name": "CustomerEmail",
                "type": "varchar"
            },
            {
                "name": "Country",
                "type": "varchar"
            },
            {
                "name": "ProductID",
                "type": "int",
                "precision": 10
            },
            {
                "name": "ProductCategory",
                "type": "varchar"
            },
            {
                "name": "ProductName",
                "type": "varchar"
            },
            {
                "name": "Quantity",
                "type": "int",
                "precision": 10
            },
            {
                "name": "UnitPrice",
                "type": "decimal",
                "precision": 18,
                "scale": 2
            },
            {
                "name": "TotalPrice",
                "type": "decimal",
                "precision": 18,
                "scale": 2
            },
            {
                "name": "SalesRegion",
                "type": "varchar"
            }
        ],
        "typeProperties": {
            "schema": "dbo",
            "table": "SalesOrder"
        }
    },
    "type": "Microsoft.DataFactory/factories/datasets"
}