{
    "name": "DelimitedText1",
    "properties": {
        "linkedServiceName": {
            "referenceName": "HttpServer5",
            "type": "LinkedServiceReference"
        },
        "parameters": {
            "filename": {
                "type": "string"
            }
        },
        "annotations": [],
        "type": "DelimitedText",
        "typeProperties": {
            "location": {
                "type": "HttpServerLocation",
                "relativeUrl": {
                    "value": "pintu1238/data-engineering-project/refs/heads/main/@{dataset().filename}",
                    "type": "Expression"
                }
            },
            "columnDelimiter": ",",
            "escapeChar": "\\",
            "firstRowAsHeader": true,
            "quoteChar": "\""
        },
        "schema": []
    },
    "type": "Microsoft.DataFactory/factories/datasets"
}